Timestamp(ms),AccelX(g),AccelY(g),AccelZ(g),GyroX(deg/s),GyroY(deg/s),GyroZ(deg/s),DistanceLeft(cm),DistanceRight(cm)
48669,-0.193,-0.956,0.144,2.045,7.926,2.996,0,0
48730,-0.2,-1.007,0.091,-1.33,-2.342,-1.379,0,0
48789,-0.2,-0.953,0.172,-0.841,3.904,-0.414,0,0
48849,-0.206,-0.979,0.128,0.64,-3.978,-1.066,0,0
48910,-0.234,-1.001,0.114,-0.37,-2.397,-1.348,0,0
48970,-0.192,-0.984,0.111,2.328,4.578,-0.012,0,0
49030,-0.188,-0.959,0.19,3.106,-0.076,2.565,0,0
49090,-0.188,-0.939,0.152,2.355,2.201,4.732,0,0
49154,-0.161,-0.947,0.193,3.387,4.869,5.552,0,0
49213,-0.19,-0.983,0.107,0.158,-1.692,1.673,0,0
49273,-0.191,-1.013,0.065,-0.236,-1.004,0.931,0,0
49334,-0.189,-0.917,0.208,2.926,3.169,5.587,0,0
49394,-0.196,-0.968,0.146,-0.132,-0.294,2.722,0,0
49455,-0.185,-0.981,0.111,0.192,1.073,1.808,0,0
49514,-0.199,-0.956,0.136,0.385,3.888,2.04,0,0
49574,-0.188,-0.97,0.12,-0.05,5.0,3.034,0,0
49635,-0.203,-0.997,0.114,-3.121,1.387,-0.853,0,0
49698,-0.201,-0.951,0.136,-0.637,11.159,0.569,0,0
49758,-0.178,-0.934,0.154,-3.626,3.306,3.286,0,0
49818,-0.187,-0.932,0.136,-7.244,0.3,-2.931,0,0
49879,-0.163,-0.998,0.067,-8.282,0.856,-5.542,0,0
49939,-0.155,-0.981,0.073,-3.802,23.42,-7.763,0,0
49999,-0.226,-0.956,0.155,-7.267,18.551,-3.679,0,0
50060,-0.256,-0.995,0.072,-6.061,-6.431,-3.107,0,0
50120,-0.143,-0.944,0.041,-4.977,12.279,4.065,0,0
50180,-0.199,-1.014,0.039,-5.962,8.243,2.53,0,0
50240,-0.195,-0.887,0.053,-0.665,25.046,10.298,0,0
50304,-0.288,-1.029,0.042,-3.489,4.297,7.168,0,0
50364,-0.213,-0.994,-0.008,-1.032,-1.564,1.94,0,0
50424,-0.227,-1.027,-0.049,-3.076,0.387,-5.924,0,0
50485,-0.251,-0.982,-0.008,-3.771,-12.158,-9.099,0,0
50545,-0.209,-0.964,-0.021,-0.422,-2.899,-7.069,0,0
50606,-0.204,-0.932,0.008,2.84,-0.546,-2.061,0,0
50666,-0.195,-0.89,0.028,12.542,13.466,4.991,0,0
50725,-0.187,-0.833,0.013,21.275,18.221,2.697,0,0
50786,-0.179,-0.735,0.033,27.962,36.603,9.359,0,0
50849,-0.165,-0.587,-0.001,31.29,41.71,16.198,0,190
50909,-0.226,-0.713,-0.011,24.992,41.13,15.527,0,189
50968,-0.24,-1.415,-0.066,20.557,35.748,-4.58,0,190
51028,-0.283,-1.319,0.066,7.653,27.649,-21.458,0,193
51089,-0.381,-1.386,0.24,-14.802,14.036,8.244,0,193
51148,-0.296,-1.228,0.197,-9.824,-25.221,11.595,0,195
51209,-0.097,-1.141,0.054,-4.13,-3.759,0.539,0,197
51269,-0.18,-0.842,0.175,3.125,36.939,18.298,0,199
51330,-0.299,-0.963,0.214,0.815,-5.785,11.763,0,200
51393,-0.19,-0.864,0.125,3.792,-21.611,0.486,0,0
51453,-0.205,-0.809,0.079,0.872,-11.426,-4.245,0,0
51515,-0.282,-0.778,0.138,-3.289,-23.435,-6.542,0,0
51575,-0.2,-0.694,0.13,1.134,-24.26,-3.962,0,0
51636,-0.146,-0.719,-0.003,3.583,-3.53,-1.373,0,0
51737,-0.315,-0.749,-0.007,-0.66,-2.374,14.374,5,50
51798,-0.167,-0.736,0.034,-3.608,0.888,24.038,0,0
51858,-0.333,-1.577,-0.043,-6.481,21.046,17.74,0,0
51916,-0.298,-1.583,0.106,-5.687,42.74,36.389,0,164
51980,-0.414,-1.483,0.086,-7.863,40.58,15.534,0,0
52038,-0.446,-1.226,0.09,-0.674,7.067,-20.748,0,166
52097,-0.386,-0.89,0.077,3.933,-3.135,-40.412,0,167
52156,-0.274,-0.672,0.0,14.634,-17.16,-29.008,0,168
52214,-0.184,-0.662,0.004,5.468,0.223,-7.229,0,169
52269,-0.143,-0.825,-0.178,9.273,14.333,10.618,0,80
52328,-0.219,-0.634,-0.02,6.39,29.206,17.954,0,171
52381,-0.285,-0.683,0.023,-3.527,18.112,20.344,0,75
52434,-0.227,-0.651,0.003,-4.092,-16.174,19.809,0,66
52490,-0.175,-0.688,0.007,0.389,6.981,18.756,0,66
52543,-0.291,-1.231,0.053,-8.214,3.264,14.863,0,67
52596,-0.447,-1.657,0.011,2.968,-3.017,-9.16,0,67
52649,-0.423,-1.34,0.207,-14.649,-0.859,-6.763,0,67
52703,-0.442,-1.401,0.078,-7.771,-35.748,-15.748,0,71
52756,-0.301,-1.191,0.127,-4.817,-19.145,-2.954,0,71
52809,-0.283,-1.095,0.07,-3.115,7.614,9.313,0,74
52862,-0.282,-0.836,0.114,6.47,7.585,19.458,0,76
52917,-0.255,-0.811,0.068,2.924,-10.027,1.966,0,75
52973,-0.191,-0.728,0.046,4.563,-9.31,-3.916,0,77
53027,-0.171,-0.798,0.054,6.886,2.974,-2.458,0,80
53081,-0.204,-0.737,0.081,1.847,7.246,-1.172,0,81
53134,-0.262,-0.771,0.035,0.031,1.282,-5.053,0,70
53188,-0.224,-0.637,0.097,7.579,9.608,1.714,0,77
53240,-0.177,-0.626,0.038,8.332,20.051,7.127,0,65
53294,-0.29,-0.67,0.02,1.947,25.221,7.153,0,63
53347,-0.359,-1.367,-0.022,1.255,21.794,1.99,0,62
53399,-0.305,-1.36,-0.083,11.42,11.089,0.078,0,62
53455,-0.538,-1.818,-0.001,-16.458,9.577,12.282,0,61
53509,-0.358,-1.412,-0.017,0.691,-6.287,-3.534,0,63
53562,-0.335,-1.129,0.023,-10.779,13.602,-13.26,0,64
53614,-0.359,-0.754,0.125,7.314,29.412,2.174,0,65
53667,-0.431,-0.641,0.161,13.397,-3.184,-8.344,0,67
53721,-0.287,-0.8,-0.054,16.634,-20.26,-12.206,0,69
53775,-0.236,-0.857,-0.118,27.053,5.104,-12.015,0,69
53828,-0.345,-0.899,-0.01,21.023,10.765,-9.382,0,72
53881,-0.276,-0.795,-0.041,19.405,-0.459,-5.139,0,71
53939,-0.332,-0.527,0.132,10.672,19.861,14.382,0,74
53992,-0.175,-0.527,0.085,15.395,28.965,35.206,0,77
54045,-0.192,-0.619,-0.04,-3.585,-6.598,34.733,0,62
54098,-0.232,-1.152,-0.08,-4.584,27.351,30.863,0,62
54152,-0.43,-1.462,0.091,-6.092,24.725,16.039,0,65
54205,-0.512,-1.504,0.358,-11.817,15.262,8.58,0,66
54258,-0.575,-1.488,0.221,-16.16,-23.534,-6.351,0,66
54311,-0.38,-1.221,0.181,-3.169,-34.046,-1.565,0,69
54365,-0.251,-0.85,0.089,10.664,-12.01,-7.916,0,71
54422,-0.229,-0.752,0.043,3.795,0.062,7.389,0,71
54518,-0.345,-0.719,0.106,0.222,13.651,-2.728,0,76
54573,-0.331,-0.797,0.065,7.675,9.185,-8.779,0,75
54626,-0.329,-0.639,0.104,-3.214,-11.364,-11.573,0,77
54680,-0.281,-0.632,0.133,2.386,3.603,-3.71,0,78
54733,-0.277,-0.656,0.031,-0.593,-11.402,-4.626,0,64
54787,-0.195,-0.678,-0.005,4.706,4.132,-10.458,0,64
54840,-0.191,-0.718,0.031,3.841,8.336,-15.267,0,62
54893,-0.313,-1.342,0.044,-8.863,11.871,-5.55,0,60
54949,-0.277,-1.524,-0.029,-8.939,-0.285,6.776,0,61
55003,-0.329,-1.405,0.043,-25.824,15.25,6.587,0,63
55055,-0.428,-1.409,0.03,-15.046,13.285,3.726,0,62
55108,-0.546,-1.325,0.162,-5.192,-19.964,-29.252,0,62
55162,-0.406,-1.129,0.056,1.322,-33.786,-32.748,200,66
55216,-0.18,-0.8,0.036,14.443,9.389,-12.099,199,67
55269,-0.284,-0.718,0.038,18.389,2.235,-1.016,197,69
55322,-0.205,-0.658,0.055,17.412,7.194,2.666,195,71
55375,-0.174,-0.739,-0.061,14.802,-17.559,0.018,193,72
55433,-0.156,-0.716,-0.071,15.366,14.39,5.728,191,75
55486,-0.18,-0.657,-0.033,2.382,5.407,8.771,188,74
55539,-0.26,-0.638,-0.028,-1.428,-2.61,1.521,187,74
55591,-0.173,-0.643,-0.002,0.189,-11.564,5.832,184,63
55644,-0.173,-1.025,0.003,-0.119,-0.109,11.0,181,61
55696,-0.364,-1.408,0.107,9.09,17.305,16.534,179,62
55747,-0.302,-1.424,0.106,-11.221,19.275,25.588,177,63
55799,-0.51,-1.278,0.29,-23.45,6.402,18.176,175,62
55858,-0.302,-1.274,0.099,4.931,-4.455,16.992,173,70
55911,-0.323,-1.175,0.171,14.319,32.595,8.947,171,68
55962,-0.407,-1.172,0.162,-4.863,1.151,7.809,170,69
56013,-0.353,-1.118,0.141,-8.954,-38.344,5.341,168,71
56065,-0.248,-0.86,0.024,-3.847,-23.321,-17.122,167,72
56116,-0.296,-0.675,-0.02,-5.281,-21.861,-2.985,50,22
56166,-0.279,-0.663,0.072,3.662,12.469,-5.786,164,72
56217,-0.295,-0.679,0.052,3.063,-2.486,-10.122,163,76
56268,-0.286,-0.65,0.058,4.863,3.547,-10.267,161,75
56322,-0.28,-0.579,0.071,-1.793,-14.229,-4.267,160,74
56372,-0.196,-0.517,0.03,-3.22,-17.687,-2.838,158,58
56421,-0.078,-0.693,-0.059,0.785,6.259,9.328,155,58
56470,-0.164,-0.917,0.012,-6.809,19.618,7.786,154,60
56520,-0.312,-1.59,-0.119,-0.789,23.13,2.312,152,59
56569,-0.348,-1.487,0.057,-2.998,23.817,14.313,151,62
56620,-0.421,-1.406,0.06,-18.137,2.144,-5.206,150,69
56669,-0.441,-1.27,0.033,-17.817,-40.588,-5.099,148,65
56719,-0.381,-1.234,0.092,-27.038,-48.183,-22.137,147,62
56770,-0.219,-1.135,-0.117,-2.514,-30.931,-25.863,146,62
56820,-0.312,-0.989,0.032,2.745,1.387,-11.305,145,62
56869,-0.283,-0.856,-0.003,0.968,0.773,-3.13,144,64
56918,-0.293,-0.824,0.048,2.491,-0.697,4.72,142,66
56967,-0.143,-0.816,-0.093,15.053,5.591,9.901,140,68
57016,-0.155,-0.734,0.056,18.893,20.366,12.832,139,69
57065,-0.119,-0.77,-0.091,18.45,13.643,13.206,137,71
57157,-0.189,-0.725,0.029,15.275,35.427,9.809,134,73
57206,-0.227,-0.753,0.024,10.885,16.602,5.028,133,60
57257,-0.206,-0.757,0.065,11.832,17.696,-3.756,131,62
57306,-0.174,-1.071,-0.094,13.366,32.458,-3.084,129,58
57354,-0.446,-1.249,0.108,-2.917,20.847,-9.87,128,59
57402,-0.347,-1.333,0.082,5.821,0.727,-8.328,126,61
57450,-0.309,-1.287,0.15,-18.527,3.354,3.228,124,62
57497,-0.338,-1.276,0.138,-23.092,-3.889,0.143,123,62
57545,-0.312,-1.29,0.08,-6.344,2.408,0.12,121,65
57593,-0.273,-1.086,0.076,-1.649,7.559,1.15,120,65
57645,-0.217,-0.881,0.076,3.214,31.916,7.061,118,68
57693,-0.254,-0.793,0.14,5.968,30.336,10.687,117,68
57741,-0.204,-0.747,0.01,10.183,31.939,8.74,114,67
57789,-0.288,-0.761,0.032,10.542,29.359,0.104,113,73
57836,-0.197,-0.74,0.098,14.118,17.359,-2.458,115,71
57884,-0.215,-0.769,0.074,7.817,25.546,-5.527,111,73
57932,-0.194,-0.795,-0.016,1.537,4.566,-9.779,109,73
57980,-0.187,-0.716,-0.032,12.481,42.489,-8.458,108,72
58027,-0.309,-0.744,0.033,3.523,45.679,-5.237,106,60
58077,-0.249,-0.835,0.015,6.844,46.969,0.67,105,58
58124,-0.23,-1.083,-0.025,4.807,47.687,9.105,103,67
58171,-0.327,-1.483,-0.154,8.329,37.099,-3.878,102,59
58218,-0.142,-1.415,-0.129,8.483,51.198,10.405,101,69
58265,-0.468,-1.703,-0.109,1.9,42.847,-1.74,100,64
58312,-0.163,-1.164,-0.066,4.781,38.496,18.405,99,70
58359,-0.28,-1.134,-0.003,-11.656,43.16,-4.634,97,74
58407,-0.312,-0.903,0.034,7.832,17.763,-8.191,97,87
58456,-0.172,-0.831,-0.026,-1.23,-10.239,-6.382,94,88
58506,-0.017,-0.949,-0.186,0.887,30.878,-3.191,93,81
58553,-0.145,-0.845,-0.103,16.725,63.13,6.315,92,81
58601,-0.275,-0.832,-0.002,15.359,49.45,2.782,92,82
58650,-0.216,-0.768,-0.056,23.015,40.725,2.495,92,112
58704,-0.24,-0.725,-0.077,25.107,52.13,2.367,0,103
58760,-0.243,-0.695,-0.101,32.542,67.519,1.964,0,110
58815,-0.301,-0.774,-0.117,42.466,71.809,-4.534,0,104
58870,-0.23,-0.781,-0.169,48.42,74.16,-7.802,0,92
58925,-0.334,-1.107,-0.088,34.504,70.42,2.023,0,92
58982,-0.378,-1.28,-0.04,4.349,29.015,-8.26,0,93
59036,-0.436,-1.51,-0.01,-23.206,-7.188,-1.342,0,94
59091,-0.321,-1.449,0.101,-31.16,-10.069,-1.594,0,96
59146,-0.174,-1.148,0.131,-3.198,9.156,7.137,0,97
59201,-0.176,-0.98,0.116,-0.665,22.595,27.557,0,98
59255,-0.094,-0.827,0.049,13.458,32.458,21.168,0,99
59311,-0.151,-0.798,0.053,26.687,46.641,16.824,0,100
59366,-0.248,-0.849,0.085,19.992,26.87,-4.534,0,101
59420,-0.204,-0.814,0.054,17.275,21.443,-6.13,0,102
59479,-0.195,-0.74,0.038,11.0,33.786,-3.809,0,104
59534,-0.297,-0.692,0.044,14.519,31.107,-3.939,0,104
59589,-0.344,-0.767,0.008,10.076,-10.959,-9.183,0,106
59645,-0.309,-0.74,-0.028,1.61,-10.553,-7.542,0,108
59744,-0.224,-0.864,0.073,6.363,35.588,10.481,0,112
59800,-0.438,-1.574,-0.027,-1.759,6.217,1.162,0,115
59855,-0.379,-1.891,-0.135,15.244,-14.951,5.214,0,117
59912,-0.085,-1.208,-0.019,-4.901,29.173,9.527,0,119
59968,-0.353,-1.23,0.024,6.926,22.725,-11.374,0,120
60027,-0.277,-0.763,0.092,5.611,-2.97,-7.649,0,123
60084,-0.244,-0.798,0.012,-4.934,-4.171,3.887,0,125
60141,-0.16,-0.86,-0.068,11.45,5.107,7.099,0,127
60197,-0.214,-0.894,-0.051,8.503,13.223,3.828,0,128
60254,-0.166,-0.771,-0.058,11.649,28.29,4.768,0,130
60311,-0.219,-0.691,0.05,14.256,26.443,7.969,0,131
60368,-0.282,-0.756,-0.026,7.478,0.334,1.188,0,134
60425,-0.247,-0.751,-0.046,17.053,21.092,-2.085,0,136
60482,-0.165,-0.689,-0.115,33.099,74.244,11.55,0,137
60544,-0.479,-1.188,0.021,11.618,60.092,14.374,0,139
60601,-0.488,-1.302,0.158,8.549,8.79,-0.46,0,140
60658,-0.42,-1.729,-0.021,-16.107,-29.832,-4.595,0,144
60711,-0.134,-0.913,0.166,-11.901,6.934,9.031,0,70
60765,-0.491,-1.377,0.171,-11.382,1.025,9.288,0,72
60819,-0.227,-1.049,0.008,-1.036,-9.101,-3.273,0,74
60872,-0.258,-0.768,0.116,1.674,9.219,6.708,0,75
60931,-0.256,-0.73,0.008,3.597,2.239,-0.392,0,152
60985,-0.276,-0.708,0.022,2.622,3.746,-3.145,0,79
61041,-0.19,-0.696,0.098,10.954,28.811,-9.939,0,77
61095,-0.297,-0.614,0.069,0.115,-16.702,-17.382,0,75
61149,-0.179,-0.636,-0.031,9.066,-10.651,-12.641,0,67
61202,-0.183,-0.642,0.05,5.339,3.856,-4.954,0,64
61255,-0.093,-0.706,-0.026,-6.0,9.585,7.015,0,63
61308,-0.31,-1.37,-0.094,-18.802,-1.937,1.648,0,61
61362,-0.376,-1.73,-0.016,-8.351,-11.987,-1.664,0,61
61415,-0.31,-1.562,-0.108,-15.031,-28.13,-8.908,0,65
61471,-0.271,-1.284,-0.054,-10.153,19.748,8.107,0,67
61524,-0.556,-1.301,0.094,-18.053,4.907,-9.092,0,66
61579,-0.409,-1.021,0.051,-1.689,-53.649,-19.634,0,69
61632,-0.238,-0.83,-0.092,5.742,-60.824,-19.115,0,72
61686,-0.056,-0.683,-0.158,8.008,-12.081,-7.252,0,73
61740,-0.208,-0.722,-0.017,4.39,11.611,7.174,0,74
61793,-0.201,-0.812,-0.082,10.061,-16.032,-5.502,5,18
61847,-0.149,-0.821,-0.065,2.066,-11.58,2.543,0,77
61901,-0.099,-0.826,-0.127,10.855,12.071,8.466,0,81
61959,-0.153,-0.657,-0.036,11.122,26.26,9.553,0,77
62012,-0.245,-0.604,0.022,-1.604,15.546,8.71,199,64
62065,-0.185,-0.69,-0.001,2.593,7.73,10.313,197,62
62117,-0.229,-1.638,-0.017,-1.481,20.855,15.794,195,64
62171,-0.22,-1.281,0.0,4.918,2.75,-11.038,193,63
62224,-0.557,-2.0,0.062,-4.282,1.104,-5.137,191,66
62277,-0.238,-0.915,0.288,0.151,-22.763,9.244,189,70
62330,-0.231,-1.296,-0.016,2.148,-19.298,14.786,187,70
62383,-0.074,-0.721,0.045,17.389,0.891,19.824,186,73
62439,-0.124,-0.726,0.038,1.377,20.038,21.756,185,63
62534,-0.253,-1.064,0.017,1.384,-30.687,-11.122,183,64
62587,-0.183,-0.933,-0.007,-3.649,-22.481,-18.069,182,75
62647,-0.205,-0.96,0.061,-13.183,-10.951,-7.13,182,78
62698,-0.379,-1.377,0.051,-12.145,-18.145,-6.0,181,62
62748,-0.153,-0.788,0.016,10.139,-20.29,-0.631,180,52
62799,-0.213,-0.717,0.154,-9.618,-22.74,19.649,180,54
62852,-0.189,-1.076,-0.055,-7.779,-24.908,17.473,179,82
62903,-0.219,-1.142,-0.038,5.722,-12.517,4.97,179,64
62956,-0.186,-0.864,0.069,-6.534,-6.82,-4.618,179,64
63007,-0.268,-0.966,-0.004,-4.582,-19.625,-4.992,179,55
63057,-0.198,-0.999,0.036,1.106,-24.267,-7.504,179,56
63109,-0.182,-1.024,-0.037,0.735,-14.084,-6.519,179,54
63159,-0.196,-0.957,0.01,-5.359,6.045,8.0,179,54
63210,-0.232,-0.958,0.05,-1.232,10.21,8.542,179,53
63260,-0.259,-0.981,0.053,-0.168,-0.569,-2.366,180,52
63306,-0.275,-1.022,0.002,-0.384,-12.274,-9.221,101,53
63360,-0.222,-0.953,0.027,-1.763,-6.046,-8.298,180,50
63411,-0.259,-0.983,0.037,-3.481,-9.893,-4.046,180,50
63461,-0.224,-0.994,-0.006,0.419,-6.262,-2.153,181,50
63511,-0.248,-0.957,0.014,-1.597,1.375,-0.491,181,50
63562,-0.204,-0.959,0.066,0.641,2.963,5.065,181,51
63612,-0.24,-0.973,0.042,1.278,-2.65,3.015,181,50
63664,-0.206,-0.983,-0.004,0.206,0.745,5.181,181,53
63714,-0.208,-0.934,0.076,1.075,6.212,9.241,181,56
63765,-0.239,-1.007,0.04,0.809,-3.495,4.956,180,61
63819,-0.241,-1.006,-0.002,0.932,-6.161,2.167,180,61
63870,-0.239,-1.016,0.007,-0.904,-4.593,1.706,180,64
63922,-0.215,-0.986,0.025,3.546,-0.162,2.326,180,63
63974,-0.229,-0.989,0.014,1.685,-3.184,1.299,180,63
64025,-0.281,-1.026,-0.03,-0.328,-5.631,0.061,180,62
64076,-0.199,-0.965,0.038,1.771,-3.235,2.442,180,64
64128,-0.189,-0.943,0.071,2.552,1.822,3.7,180,53
64175,-0.178,-0.952,0.036,0.147,-1.281,4.762,121,53
64222,-0.224,-0.971,0.034,0.301,4.125,4.062,121,54
64272,-0.218,-0.947,0.099,0.029,-0.422,3.558,121,53
64319,-0.206,-1.002,-0.007,0.984,-3.434,-1.593,120,54
64366,-0.249,-0.992,0.036,1.201,1.217,-1.086,120,53
64413,-0.237,-0.987,0.037,2.894,-1.927,-1.051,120,52
64460,-0.236,-0.999,0.006,1.33,-2.555,-1.115,120,52
64508,-0.206,-0.946,0.072,2.633,-0.362,0.618,120,53
64556,-0.235,-0.97,0.027,2.796,1.692,1.618,120,53
64603,-0.22,-0.951,0.086,3.696,-0.776,3.093,120,54
64650,-0.22,-1.009,0.009,2.916,-1.031,2.118,119,52
64700,-0.23,-0.968,0.067,3.597,2.438,2.77,120,54
64747,-0.187,-0.952,0.06,4.406,0.256,4.714,120,53
64794,-0.246,-1.018,0.006,1.663,2.608,1.652,118,53
64841,-0.254,-1.013,0.037,1.532,-0.737,1.306,121,53
64889,-0.262,-1.008,0.007,1.145,-6.09,-1.135,120,52
64940,-0.216,-0.967,0.041,0.294,-6.868,0.73,180,52
64991,-0.206,-0.964,0.044,-0.031,-4.099,2.25,179,53
65084,-0.198,-1.043,-0.028,-0.641,-3.717,-1.412,54,16
65135,-0.233,-0.999,0.067,1.443,-0.547,1.186,179,52
65189,-0.202,-0.978,0.065,2.233,1.75,1.716,178,53
65240,-0.207,-0.989,0.07,0.835,-0.081,0.901,179,53
65291,-0.187,-0.947,0.075,4.27,4.371,0.994,178,52
65342,-0.216,-0.976,0.088,2.185,-0.751,-0.29,178,53
65392,-0.202,-1.008,0.012,1.679,-4.315,-2.145,178,52
65443,-0.196,-0.917,0.093,6.72,3.859,1.107,178,52
65495,-0.193,-0.978,0.02,3.246,4.182,-0.288,178,54
65545,-0.226,-0.985,0.036,1.084,3.153,-1.248,178,53
65596,-0.2,-0.978,0.023,1.255,4.642,1.003,178,53
65650,-0.246,-1.012,0.025,-1.494,1.034,-0.264,178,52
65697,-0.237,-0.989,0.041,-0.551,0.742,-0.467,121,53
65748,-0.21,-0.99,0.056,-1.76,-0.998,1.773,178,52
65799,-0.184,-1.024,0.003,0.572,4.237,0.893,178,52
65850,-0.278,-1.01,0.067,0.569,5.278,3.154,177,53
65901,-0.25,-1.006,0.025,0.93,-7.466,0.464,178,53
65952,-0.205,-0.957,0.053,2.515,2.285,7.112,178,54
66002,-0.192,-0.968,0.062,4.939,8.029,7.092,177,56
66050,-0.212,-0.969,0.052,2.703,3.816,6.85,98,62
66100,-0.178,-0.984,-0.015,3.329,6.358,3.797,96,63
66151,-0.278,-1.021,0.015,-0.242,3.854,0.9,177,63
66202,-0.205,-0.966,0.032,3.117,12.703,2.912,177,63
66254,-0.188,-0.928,0.137,4.065,22.207,5.216,177,66
66306,-0.223,-1.012,0.02,4.723,7.216,1.449,177,63
66357,-0.245,-0.962,0.051,2.212,8.8,1.472,177,63
66409,-0.236,-0.997,0.015,3.717,3.574,-1.403,177,63
66460,-0.233,-0.969,0.036,1.265,1.512,-4.634,177,64
66511,-0.217,-0.99,-0.002,2.362,7.258,-4.351,177,62
66567,-0.279,-0.992,0.056,-1.158,-0.531,-4.802,177,63
66618,-0.204,-0.942,0.069,0.758,-0.595,-1.832,177,64
66670,-0.2,-0.964,0.048,0.565,2.069,2.213,177,64
66721,-0.221,-0.955,0.078,3.155,15.086,3.831,177,65
66775,-0.308,-1.023,0.04,-0.689,-6.626,1.45,177,82
66827,-0.238,-1.021,0.021,-0.138,-11.755,3.365,177,83
66879,-0.198,-0.945,0.071,3.941,7.905,9.137,176,64
66930,-0.227,-0.971,0.077,1.354,2.191,7.87,176,65
66981,-0.194,-0.935,0.075,3.399,-1.05,7.275,176,65
67037,-0.159,-0.952,0.022,3.22,10.176,8.264,176,66
67089,-0.231,-0.945,0.125,2.59,16.293,9.764,176,67
67140,-0.258,-1.023,0.011,-0.283,-8.313,-3.42,176,65
67192,-0.201,-0.942,0.064,3.903,2.778,-5.534,176,64
67244,-0.237,-0.984,0.039,0.981,4.279,0.284,176,64
67296,-0.243,-0.955,0.095,4.784,6.171,5.604,177,65
67347,-0.226,-0.938,0.082,3.591,-3.97,5.256,177,65
67399,-0.219,-0.985,0.023,2.851,-2.437,3.475,176,66
67446,-0.258,-1.012,0.04,2.924,0.772,3.228,98,65
67501,-0.241,-1.003,0.012,2.631,-0.882,2.719,176,63
67553,-0.257,-0.987,0.057,2.872,0.716,4.345,176,65
67604,-0.261,-0.987,0.042,2.078,-2.324,2.401,175,64
67699,-0.244,-0.976,0.038,2.543,-5.659,2.336,175,65
67751,-0.203,-0.942,0.094,8.282,1.691,5.826,175,68
67803,-0.241,-0.953,0.074,6.107,-2.771,3.137,175,57
67855,-0.232,-0.969,0.029,2.799,-0.029,2.842,175,80
67907,-0.223,-0.943,0.061,2.365,1.086,4.252,175,66
67959,-0.249,-0.975,0.049,-0.242,1.474,2.066,175,66
68015,-0.257,-0.983,0.068,-0.728,-2.079,2.847,175,80
68068,-0.246,-0.977,0.068,1.449,1.375,2.272,175,79
68120,-0.234,-0.954,0.108,0.439,-0.238,1.278,175,81
68172,-0.216,-0.965,0.065,2.495,2.241,-1.049,176,64
68224,-0.281,-0.972,0.071,1.001,4.76,0.08,175,64
68276,-0.25,-0.947,0.084,2.829,3.662,2.001,176,62
68327,-0.297,-1.01,0.051,0.163,2.452,4.545,176,62
68379,-0.281,-1.043,0.066,-1.586,-4.012,2.941,176,62
68430,-0.282,-0.99,0.063,3.828,-2.767,-0.652,176,57
68485,-0.228,-0.909,0.141,7.865,-1.482,5.55,176,57
68537,-0.211,-0.913,0.144,10.263,2.631,9.192,176,58
68588,-0.249,-0.997,0.046,1.475,-8.795,3.177,176,57
68640,-0.29,-0.992,0.032,-0.991,-12.686,-1.436,176,62
68691,-0.289,-0.949,0.134,0.228,-15.863,1.678,176,65
68745,-0.226,-0.958,0.061,0.146,-15.107,0.323,176,84
68798,-0.19,-0.972,0.028,0.507,-1.122,5.366,176,84
68851,-0.278,-0.967,0.095,1.191,8.112,6.939,176,85
68904,-0.23,-0.92,0.143,0.847,1.302,6.56,177,84
68961,-0.205,-0.956,0.036,-0.029,2.688,2.908,176,84
69013,-0.205,-0.937,0.021,-1.918,13.829,2.448,177,64
69064,-0.234,-0.934,0.1,-4.511,17.321,2.302,176,55
69116,-0.263,-0.961,0.073,-8.985,9.841,0.922,177,56
69165,-0.287,-1.021,0.091,-7.015,9.762,-1.573,124,55
69222,-0.304,-0.997,0.098,-2.105,0.985,-2.237,177,63
69273,-0.226,-0.929,0.091,4.747,10.563,1.887,177,63
69323,-0.31,-1.039,0.039,-0.969,-0.872,-2.217,177,61
69374,-0.217,-0.985,-0.021,4.425,2.469,-1.733,177,55
69428,-0.315,-0.95,0.15,6.088,8.807,-2.023,178,58
69478,-0.221,-0.941,0.025,4.207,-8.558,-0.259,178,53
69528,-0.224,-0.954,0.028,0.763,4.947,1.533,178,54
69579,-0.234,-0.988,-0.001,2.335,2.762,2.441,178,55
69630,-0.278,-0.968,0.039,-1.286,7.79,1.465,178,65
69682,-0.293,-0.999,0.023,-2.258,-2.174,0.85,178,63
69732,-0.232,-0.968,0.032,-0.933,1.054,3.912,178,63
69783,-0.269,-0.999,0.032,-1.893,3.322,1.312,179,62
69834,-0.273,-1.01,-0.017,-1.565,-0.571,-0.163,179,60
69889,-0.28,-0.983,0.084,-0.753,11.707,0.801,179,63
69940,-0.289,-0.995,0.048,-1.126,-8.418,-2.435,179,64
69991,-0.26,-0.971,0.035,-2.024,-5.573,-4.008,179,63
70038,-0.234,-0.986,-0.009,-0.019,-0.211,-4.13,102,62
70084,-0.291,-0.983,0.066,-3.58,-1.707,-4.985,100,62
70131,-0.217,-0.963,0.044,-0.197,-6.943,-3.802,102,63
70177,-0.194,-0.918,0.032,2.122,4.746,-0.324,103,62
70224,-0.307,-1.006,-0.027,-3.328,-5.823,-2.901,99,60
70313,-0.239,-0.977,-0.017,-6.389,3.947,-0.497,100,62
70364,-0.165,-0.975,-0.042,-4.947,22.206,2.073,103,62
70411,-0.304,-1.002,0.058,-11.55,2.159,-1.697,114,51
70461,-0.28,-1.017,0.062,-13.313,-16.16,-6.481,180,52
70512,-0.19,-1.016,-0.036,-8.962,-18.42,-5.076,180,51
70558,-0.143,-0.942,-0.039,-6.885,5.344,-3.427,105,52
70609,-0.194,-0.997,-0.019,-6.87,8.369,-2.802,179,60
70657,-0.222,-0.944,0.035,-4.29,3.4,-2.863,104,61
70704,-0.177,-1.068,-0.087,-5.252,-6.82,-3.412,102,74
70751,-0.201,-1.045,-0.039,-1.492,1.98,-5.191,102,61
70805,-0.193,-0.995,-0.069,0.615,-1.972,-7.252,184,67
70858,-0.2,-0.99,-0.046,0.71,0.069,-2.565,199,73
70912,-0.192,-1.036,-0.053,2.039,-5.297,1.801,200,77
70960,-0.226,-0.989,-0.033,6.586,-6.877,-4.099,117,62
71013,-0.219,-1.018,-0.084,10.466,-11.99,-7.023,0,77
71065,-0.183,-0.955,-0.065,9.528,-8.52,4.731,184,62
71116,-0.143,-0.988,-0.11,4.989,0.65,11.122,182,61
71163,-0.15,-0.908,-0.082,13.208,15.505,9.786,102,63
71213,-0.155,-0.903,-0.052,8.965,17.999,9.71,102,61
71261,-0.174,-1.044,-0.095,4.235,12.283,4.271,97,82
71308,-0.262,-1.042,-0.062,-1.582,5.316,-0.045,101,75
71356,-0.201,-1.015,-0.019,-3.656,5.245,9.58,101,76
71406,-0.231,-1.013,-0.003,-2.362,2.12,7.954,178,52
71453,-0.169,-1.013,-0.034,2.53,5.213,1.027,104,52
71503,-0.179,-0.959,0.048,8.618,9.719,-2.153,179,52
71555,-0.201,-0.964,-0.015,10.475,9.283,1.483,179,51
71605,-0.215,-0.991,-0.012,5.687,10.538,2.968,179,51
71659,-0.275,-1.012,0.053,12.256,11.647,4.831,179,51
71709,-0.25,-0.989,-0.002,6.534,-7.57,2.315,179,51
71760,-0.193,-0.932,0.013,10.626,5.624,2.889,179,54
71812,-0.266,-1.029,-0.022,10.466,-3.115,-1.855,178,62
71864,-0.196,-0.908,0.03,8.685,-5.921,2.799,178,75
71916,-0.186,-0.971,-0.016,0.694,-4.514,2.871,179,77
71969,-0.246,-1.002,0.032,1.263,-10.628,-2.481,179,78
72022,-0.21,-0.989,0.036,-1.318,-11.748,-2.153,179,79
72074,-0.18,-0.937,0.113,2.742,-0.75,9.482,179,81
72129,-0.178,-0.957,0.047,5.674,-3.739,7.435,178,80
72181,-0.221,-0.989,0.035,3.63,1.354,9.809,178,63
72232,-0.177,-1.034,-0.015,3.638,1.325,10.847,178,62
72284,-0.202,-0.976,0.041,3.629,10.325,10.725,178,65
72336,-0.198,-0.931,0.099,8.265,8.515,8.695,178,66
72387,-0.22,-0.991,0.044,3.234,-4.247,4.972,178,64
72440,-0.188,-0.949,0.085,8.033,-0.586,5.403,178,87
72494,-0.204,-0.975,0.005,4.614,5.474,2.274,178,88
72545,-0.248,-0.96,0.079,5.075,6.926,4.514,178,66
72599,-0.227,-0.968,0.037,4.476,3.821,2.275,178,65
72651,-0.247,-0.954,0.067,3.667,7.436,4.461,178,66
72702,-0.263,-0.989,0.039,3.819,2.191,4.353,178,55
72754,-0.262,-0.955,0.081,2.36,1.912,2.217,179,54
72805,-0.266,-1.008,0.016,0.736,-4.442,-1.016,179,53
72898,-0.284,-0.993,0.065,2.025,7.557,0.632,179,53
72949,-0.275,-0.979,0.054,2.675,-2.256,-1.812,179,53
73000,-0.281,-0.974,0.02,1.723,-0.584,-1.8,179,53
73052,-0.287,-0.934,0.099,1.35,0.471,2.616,179,52
73106,-0.267,-0.981,0.024,0.135,-5.336,2.301,179,52
73157,-0.271,-0.992,0.063,-1.513,-1.64,4.175,179,53
73208,-0.245,-0.961,0.077,-0.219,0.532,5.9,178,54
73260,-0.262,-0.964,0.094,-2.143,-5.062,3.208,179,53
73312,-0.204,-0.939,0.094,1.53,-1.758,4.138,178,68
73363,-0.205,-0.938,0.093,0.816,0.557,2.507,178,57
73414,-0.232,-0.969,0.049,2.431,2.216,0.787,178,55
73466,-0.31,-1.005,0.035,-0.888,-0.957,-0.249,178,65
73518,-0.248,-0.976,0.056,1.764,-2.189,0.376,178,64
73573,-0.22,-0.947,0.08,1.75,2.525,1.923,178,64
73624,-0.289,-1.02,-0.007,-0.254,0.085,0.07,178,62
73676,-0.238,-0.942,0.108,0.961,3.287,2.622,178,65
73728,-0.198,-0.948,0.063,3.1,-0.863,1.726,178,64
73781,-0.24,-0.961,0.062,1.318,3.723,1.372,178,89
73833,-0.297,-1.009,0.027,-0.539,-1.901,-0.876,178,66
73885,-0.235,-0.952,0.087,2.818,0.631,1.585,177,65
73936,-0.301,-1.017,0.038,0.533,-1.43,-0.934,177,63
73989,-0.26,-0.956,0.063,3.599,2.637,3.45,177,65
74044,-0.263,-0.983,0.068,2.337,0.649,4.025,177,67
74096,-0.23,-0.949,0.061,3.0,1.155,5.417,176,89
74148,-0.255,-0.974,0.051,0.417,2.411,3.79,176,66
74201,-0.256,-0.985,0.05,0.759,0.548,3.42,175,65
74252,-0.273,-0.986,0.039,0.43,-0.096,1.927,176,67
74305,-0.29,-0.982,0.054,-0.829,-4.018,0.192,176,84
74357,-0.244,-0.993,0.033,1.28,-0.776,1.739,175,67
74408,-0.231,-0.957,0.101,2.914,5.446,4.222,175,67
74461,-0.277,-0.98,0.074,1.588,1.699,2.66,175,67
74516,-0.28,-0.98,0.047,1.075,1.15,1.235,175,66
74564,-0.259,-0.967,0.073,2.604,-1.018,1.232,115,67
74612,-0.248,-0.944,0.08,3.094,-0.014,3.003,115,67
74661,-0.238,-0.951,0.089,1.978,-1.024,5.357,116,68
74710,-0.224,-0.941,0.074,3.062,2.499,6.349,118,67
74758,-0.256,-0.969,0.074,0.965,1.754,4.446,118,68
74808,-0.303,-1.017,0.046,-0.564,-3.715,0.168,117,93
74858,-0.247,-0.962,0.066,2.041,-1.802,2.758,117,92
74908,-0.278,-1.007,0.025,0.064,-0.671,0.968,116,90
74960,-0.212,-0.914,0.133,4.927,6.693,4.348,119,67
75009,-0.271,-0.976,0.069,1.39,-0.806,1.59,117,67
75057,-0.291,-1.003,0.033,-0.082,-1.483,0.128,115,65
75106,-0.235,-0.939,0.102,5.259,3.656,3.777,117,70
75155,-0.245,-0.966,0.054,4.337,2.821,2.267,116,89
75205,-0.262,-0.944,0.083,3.133,2.228,2.282,116,87
75254,-0.226,-0.944,0.084,4.419,1.064,3.322,117,88
75303,-0.235,-0.948,0.087,2.583,2.083,3.163,111,88
75353,-0.29,-0.987,0.055,-0.224,0.195,0.924,109,87
75406,-0.276,-0.992,0.046,1.928,1.882,-0.064,110,85
75497,-0.271,-0.982,0.059,1.626,-0.331,1.491,109,71
75545,-0.262,-0.97,0.076,2.625,2.185,2.267,109,69
75593,-0.234,-0.961,0.083,4.495,2.164,2.614,95,69
75640,-0.227,-0.917,0.094,5.662,6.786,2.631,94,68
75687,-0.282,-0.978,0.069,0.866,0.407,0.711,93,66
75735,-0.231,-0.934,0.104,4.312,1.02,2.794,94,68
75788,-0.271,-0.968,0.076,0.682,-0.133,1.828,95,69
75835,-0.32,-1.004,0.028,0.322,-0.179,0.103,109,67
75882,-0.28,-0.946,0.117,2.465,0.026,2.012,118,68
75933,-0.256,-0.95,0.09,1.655,-1.623,2.14,119,66
75980,-0.239,-0.935,0.124,0.698,-1.428,4.227,121,67
76028,-0.275,-0.992,0.05,0.637,-4.018,1.015,120,66
76079,-0.222,-0.935,0.106,1.514,3.341,2.422,174,68
76131,-0.276,-0.932,0.108,0.498,2.248,2.441,174,84
76183,-0.282,-0.987,0.063,0.511,-4.347,-0.736,174,85
76234,-0.248,-0.975,0.056,0.491,-3.907,-0.583,174,67
76285,-0.229,-0.925,0.139,1.418,5.129,0.755,175,65
76336,-0.275,-1.003,0.063,0.624,-4.146,-1.627,175,59
76390,-0.275,-0.891,0.172,6.192,0.789,1.506,175,62
76440,-0.268,-0.95,0.083,2.201,-1.779,1.859,175,56
76490,-0.229,-0.927,0.106,3.316,1.487,5.46,175,57
76541,-0.28,-0.972,0.066,-0.016,0.841,2.316,175,56
76592,-0.269,-0.967,0.072,0.474,1.016,3.738,175,57
76642,-0.27,-0.968,0.073,-1.151,-1.372,2.884,175,58
76693,-0.271,-0.988,0.056,-0.077,0.551,1.917,175,57
76744,-0.242,-0.943,0.133,0.544,2.696,5.606,175,60
76794,-0.236,-0.949,0.101,1.819,-1.134,4.249,175,59
76848,-0.237,-0.94,0.103,1.407,3.416,3.51,175,59
76899,-0.274,-0.97,0.072,0.436,0.161,1.092,175,64
76950,-0.269,-0.978,0.056,-1.316,-0.667,1.409,175,64
77001,-0.217,-0.936,0.101,0.613,4.77,1.542,175,65
77052,-0.292,-0.992,0.059,-1.415,1.397,-0.527,175,63
77104,-0.286,-0.982,0.073,-0.945,-0.208,-0.515,175,64
77152,-0.269,-0.981,0.062,0.011,-0.385,-0.872,119,65
77199,-0.238,-0.954,0.095,0.065,1.212,-0.124,117,64
77249,-0.265,-0.989,0.045,-0.49,1.427,-0.434,116,64
77297,-0.248,-0.937,0.099,0.801,3.142,-0.253,119,66
77345,-0.273,-0.985,0.063,0.2,-1.21,-0.048,118,66
77398,-0.254,-0.972,0.07,0.332,-0.51,0.088,176,80
77450,-0.259,-0.975,0.072,1.08,0.981,1.341,177,81
77501,-0.256,-0.965,0.068,1.548,1.077,1.734,177,65
77551,-0.224,-0.957,0.083,3.572,-0.684,1.254,177,57
77602,-0.253,-0.97,0.055,2.112,0.694,0.709,177,58
77654,-0.244,-0.951,0.08,2.545,0.061,2.775,177,56
77707,-0.27,-0.981,0.062,0.523,0.116,1.562,177,56
77758,-0.27,-0.982,0.07,0.947,-1.012,1.871,177,55
77809,-0.257,-0.962,0.072,1.939,0.377,2.947,177,56
77859,-0.283,-0.998,0.067,1.995,-1.402,1.175,177,55
77911,-0.306,-1.009,0.025,0.683,-2.06,-1.245,177,54
77961,-0.24,-0.948,0.094,2.856,-0.668,4.479,177,56
78055,-0.236,-0.946,0.087,2.697,1.691,3.092,177,57
78103,-0.265,-0.976,0.056,1.011,-0.385,1.307,119,54
78150,-0.229,-0.949,0.087,1.229,0.526,2.311,119,56
78197,-0.246,-0.969,0.082,1.309,-0.122,0.163,118,55
78247,-0.282,-0.99,0.067,-0.521,-1.864,-0.668,117,54
78295,-0.215,-0.957,0.089,2.548,0.927,-0.261,118,54
78343,-0.238,-0.96,0.094,1.708,3.604,0.008,118,54
78390,-0.246,-0.97,0.086,2.717,3.093,-0.904,118,54
78437,-0.274,-0.967,0.076,0.538,-0.399,-0.184,118,54
78484,-0.203,-0.936,0.115,3.716,1.593,1.83,120,54
78532,-0.269,-1.003,0.04,1.353,1.35,-0.583,117,53
78582,-0.243,-0.959,0.093,1.122,2.648,2.611,177,55
78630,-0.196,-0.923,0.149,5.485,5.28,5.723,120,54
78684,-0.271,-1.01,0.054,0.495,0.297,0.511,177,54
78732,-0.217,-0.945,0.121,4.503,4.37,4.165,120,54
78779,-0.272,-1.003,0.061,0.494,-1.944,0.962,118,54
78830,-0.23,-0.98,0.063,2.182,0.324,0.428,178,54
78880,-0.213,-0.938,0.135,6.07,3.157,0.988,178,54
78931,-0.26,-0.97,0.08,3.041,-1.37,-0.119,178,55
78983,-0.258,-0.95,0.112,3.989,3.233,2.553,178,54
79034,-0.317,-0.98,0.187,0.488,-20.137,1.826,178,54
79080,-0.386,-0.976,0.225,6.219,-62.359,1.876,89,66
79139,-0.325,-0.943,0.167,14.855,-96.122,2.928,89,68
79190,-0.302,-0.98,0.16,9.865,-99.954,6.87,107,69
79240,-0.38,-1.026,0.225,6.386,-113.382,15.084,80,96
79292,-0.376,-1.045,0.226,16.534,-150.954,14.328,84,142
79345,-0.289,-1.009,0.239,24.038,-159.969,22.954,80,142
79395,-0.249,-1.029,0.283,33.573,-148.824,20.458,78,98
79447,-0.116,-1.053,0.273,50.649,-131.031,17.069,75,105
79497,0.051,-0.931,0.319,56.145,-92.153,34.275,76,95
79549,-0.127,-0.908,0.464,58.092,-67.511,39.786,72,98
79599,-0.036,-0.857,0.473,66.496,-66.221,33.183,72,100
79649,0.022,-0.8,0.512,60.519,-37.901,41.824,69,102
79699,-0.11,-0.824,0.579,57.244,-26.84,43.344,67,103
79750,-0.09,-0.752,0.653,54.733,-36.954,41.664,66,106
79799,-0.052,-0.712,0.646,56.137,-43.122,40.824,67,103
79849,-0.004,-0.663,0.658,47.176,-37.58,34.649,70,104
79899,-0.001,-0.616,0.701,41.038,-18.321,30.733,65,108
79949,-0.064,-0.645,0.758,36.427,-19.527,29.046,64,108
80005,-0.061,-0.591,0.798,32.328,-30.71,25.664,93,109
80056,-0.042,-0.536,0.802,30.389,-36.74,24.496,93,111
80114,-0.026,-0.568,0.798,25.832,-41.443,22.863,0,110
80173,0.04,-0.542,0.791,25.832,-38.534,26.092,0,118
80231,0.047,-0.515,0.808,20.008,-20.29,22.649,0,116
80280,-0.007,-0.524,0.867,23.519,-19.443,27.252,39,115
80329,0.055,-0.485,0.837,24.298,-17.282,24.565,37,116
80378,0.042,-0.458,0.854,23.779,-2.509,23.947,38,119
80432,0.028,-0.422,0.901,22.427,2.092,24.137,36,122
80481,0.09,-0.4,0.86,20.313,-7.786,20.977,38,117
80530,0.045,-0.396,0.885,20.015,-4.752,21.252,36,126
